,a,b
0,0.0,1.3613926207384073
1,0.01001001001001001,1.1029741722325168
2,0.02002002002002002,1.415257184922034
3,0.03003003003003003,1.0742223084618179
4,0.04004004004004004,-0.31833869971355694
5,0.050050050050050046,1.072807262202086
6,0.06006006006006006,0.24787371057869173
7,0.07007007007007007,0.27477828248800834
8,0.08008008008008008,-0.5149789205491703
9,0.09009009009009009,0.35182250854585073
10,0.10010010010010009,-0.3094473782881895
11,0.11011011011011011,-0.644454071156354
12,0.12012012012012012,0.4079122682040372
13,0.13013013013013014,-0.725754205463894
14,0.14014014014014015,1.1238468406878621
15,0.15015015015015015,-0.2718564634959506
16,0.16016016016016016,-1.0210772825426386
17,0.17017017017017017,-0.1193705226152478
18,0.18018018018018017,-0.6114110792456211
19,0.19019019019019018,-0.9566181585833069
20,0.20020020020020018,-0.7489051025526687
21,0.21021021021021022,0.6566319708806848
22,0.22022022022022023,0.6236778521868768
23,0.23023023023023023,0.6326179438555923
24,0.24024024024024024,0.22343478466670857
25,0.2502502502502503,-0.9495681586552159
26,0.2602602602602603,-0.6978587534921391
27,0.2702702702702703,-0.12920346130023022
28,0.2802802802802803,0.8868106153310784
29,0.2902902902902903,-0.9657978936864136
30,0.3003003003003003,-0.42190224096735274
31,0.3103103103103103,0.5144773426584048
32,0.3203203203203203,0.20660947084042056
33,0.3303303303303303,-0.6159104002477046
34,0.34034034034034033,0.9087394335199389
35,0.35035035035035034,-0.11340630053304972
36,0.36036036036036034,1.7983119173290205
37,0.37037037037037035,1.9883910253346677
38,0.38038038038038036,0.11770306656939497
39,0.39039039039039036,-1.8840674488743903
40,0.40040040040040037,-0.6532430028517382
41,0.41041041041041043,-0.2988815741669162
42,0.42042042042042044,0.4543621640330919
43,0.43043043043043044,0.1866294386927434
44,0.44044044044044045,-0.3911352133434826
45,0.45045045045045046,-0.0015418015448788816
46,0.46046046046046046,-0.6837428210485202
47,0.47047047047047047,-0.43974667124629363
48,0.4804804804804805,-0.22052731692355965
49,0.4904904904904905,-2.2622546976053965
50,0.5005005005005005,1.6416739549467272
51,0.5105105105105106,-0.14705401205607854
52,0.5205205205205206,-0.841712206552827
53,0.5305305305305306,1.1754390266940338
54,0.5405405405405406,-1.665901479827385
55,0.5505505505505506,-0.9037414892108031
56,0.5605605605605606,1.769061612390823
57,0.5705705705705706,-0.5221203126418609
58,0.5805805805805806,-0.10639353999681546
59,0.5905905905905906,0.1466298563445613
60,0.6006006006006006,-0.2819121588693223
61,0.6106106106106106,0.8790961735708283
62,0.6206206206206206,2.1433530408444246
63,0.6306306306306306,-0.8606964313807722
64,0.6406406406406406,0.8429996186756215
65,0.6506506506506506,-0.1463655598386022
66,0.6606606606606606,0.42565663979086626
67,0.6706706706706707,-0.8191702957987516
68,0.6806806806806807,-0.03161186790113181
69,0.6906906906906907,-0.5762114597146973
70,0.7007007007007007,1.787212945238763
71,0.7107107107107107,-0.61148849596659
72,0.7207207207207207,0.2535723485992586
73,0.7307307307307307,1.2409162150291568
74,0.7407407407407407,0.481278953823786
75,0.7507507507507507,-1.0384268610223069
76,0.7607607607607607,-1.5514581353400123
77,0.7707707707707707,0.05223845244625533
78,0.7807807807807807,0.6499331800436547
79,0.7907907907907907,-0.5288690742655504
80,0.8008008008008007,0.9490449879894574
81,0.8108108108108109,-1.8567726516305052
82,0.8208208208208209,1.1747921985805465
83,0.8308308308308309,-0.13506201843750268
84,0.8408408408408409,0.46650319242474647
85,0.8508508508508509,0.2374313540310011
86,0.8608608608608609,-1.3664418806449496
87,0.8708708708708709,-0.6865610568495137
88,0.8808808808808809,-1.4938225024567977
89,0.8908908908908909,-1.071313845015304
90,0.9009009009009009,-0.23472153158625958
91,0.9109109109109109,-0.017841098905537155
92,0.9209209209209209,1.748876581371836
93,0.9309309309309309,1.4491157759990931
94,0.9409409409409409,-0.5339829892096692
95,0.950950950950951,0.3780979204678927
96,0.960960960960961,0.35531193137856154
97,0.970970970970971,-0.4116395491601263
98,0.980980980980981,0.621246051220106
99,0.990990990990991,0.49123192926043213
100,1.001001001001001,-0.017763025490275117
101,1.011011011011011,1.3558815050641788
102,1.021021021021021,0.0042364577945269615
103,1.031031031031031,-1.7418761780195333
104,1.0410410410410411,-0.20634795636432773
105,1.0510510510510511,1.1144755776220288
106,1.0610610610610611,-0.057896109018527236
107,1.0710710710710711,0.06457535084034377
108,1.0810810810810811,-0.9437376681417465
109,1.0910910910910911,0.19920593369712916
110,1.1011011011011012,-0.9131104002723583
111,1.1111111111111112,1.8574802502630439
112,1.1211211211211212,-0.3038431800348931
113,1.1311311311311312,0.7404728275648336
114,1.1411411411411412,-0.5712202966885893
115,1.1511511511511512,-0.7504450017561861
116,1.1611611611611612,-0.16328692599464412
117,1.1711711711711712,-2.5045354452698305
118,1.1811811811811812,-1.162651337176787
119,1.1911911911911912,1.0193271850626582
120,1.2012012012012012,-1.7053263754953472
121,1.2112112112112112,0.2463129212293514
122,1.2212212212212212,1.2026984369458993
123,1.2312312312312312,-2.063188306812489
124,1.2412412412412412,1.4548305870621996
125,1.2512512512512513,0.5802093976544608
126,1.2612612612612613,1.5236783217937107
127,1.2712712712712713,-0.9179344067649424
128,1.2812812812812813,-0.14718945369518027
129,1.2912912912912913,-0.9645063859313939
130,1.3013013013013013,-1.0987161333891549
131,1.3113113113113113,1.62743073485904
132,1.3213213213213213,-1.1064615531293585
133,1.3313313313313313,0.49722733046959394
134,1.3413413413413413,-1.2835758568717877
135,1.3513513513513513,0.3313171725831774
136,1.3613613613613613,-1.192527778920164
137,1.3713713713713713,0.7596042076323697
138,1.3813813813813813,-0.8170579411955295
139,1.3913913913913913,0.18897858379766072
140,1.4014014014014013,0.554052658030672
141,1.4114114114114114,0.5259091037292444
142,1.4214214214214214,-1.0494383746951508
143,1.4314314314314314,-0.056810212966878236
144,1.4414414414414414,1.2469887354132454
145,1.4514514514514514,-0.4404387632396839
146,1.4614614614614614,0.09133806596469396
147,1.4714714714714714,-0.09521553667207538
148,1.4814814814814814,1.1155375829515062
149,1.4914914914914914,-1.2454937544530915
150,1.5015015015015014,1.1704202391197738
151,1.5115115115115114,2.4766338572446034
152,1.5215215215215214,-0.9561117957858917
153,1.5315315315315314,-2.1688221952221967
154,1.5415415415415414,1.4338654871374583
155,1.5515515515515514,0.9211315612677229
156,1.5615615615615615,-1.179721131682828
157,1.5715715715715715,-2.342252026733531
158,1.5815815815815815,0.33540983386936263
159,1.5915915915915915,0.7231359605990753
160,1.6016016016016015,0.053453761568450685
161,1.6116116116116117,0.1652356735407612
162,1.6216216216216217,-1.9005734138396764
163,1.6316316316316317,0.15490192700119965
164,1.6416416416416417,-1.8137904088241932
165,1.6516516516516517,1.234607882511186
166,1.6616616616616617,1.9403817948105033
167,1.6716716716716717,-1.290400071012343
168,1.6816816816816818,-0.9586988945418479
169,1.6916916916916918,-0.07714617306813558
170,1.7017017017017018,1.8322002509964064
171,1.7117117117117118,0.2765167953408435
172,1.7217217217217218,-0.963952014345553
173,1.7317317317317318,-1.1108282329965944
174,1.7417417417417418,1.3230385316056172
175,1.7517517517517518,-1.3360538707778191
176,1.7617617617617618,-1.5971111398786217
177,1.7717717717717718,-0.28962939764465606
178,1.7817817817817818,-1.1743062005351528
179,1.7917917917917918,0.30457852262237944
180,1.8018018018018018,-0.9511160863088848
181,1.8118118118118118,0.14735136205778257
182,1.8218218218218218,1.0359711821423092
183,1.8318318318318318,0.383398653808386
184,1.8418418418418419,-0.29833984589934687
185,1.8518518518518519,0.8851647501085574
186,1.8618618618618619,-0.29696788519411255
187,1.8718718718718719,-0.9276604745700646
188,1.8818818818818819,0.18763746417272198
189,1.8918918918918919,0.43700387742302016
190,1.901901901901902,0.09477237401003287
191,1.911911911911912,-0.8243206598339801
192,1.921921921921922,-1.1789039194677453
193,1.931931931931932,0.15380792572938876
194,1.941941941941942,0.5093423341458116
195,1.951951951951952,0.05424502255245154
196,1.961961961961962,0.003066599154761286
197,1.971971971971972,0.8979135834728408
198,1.981981981981982,-0.49657099397990345
199,1.991991991991992,-1.1743924843684221
200,2.002002002002002,0.09459806935151373
201,2.012012012012012,1.2894069705552942
202,2.022022022022022,-0.9826823649967454
203,2.032032032032032,-0.9367681679751273
204,2.042042042042042,0.4007093153610444
205,2.052052052052052,1.880237768503156
206,2.062062062062062,-1.915410900801791
207,2.0720720720720722,-1.7504918877877864
208,2.0820820820820822,0.5029349122000515
209,2.0920920920920922,-0.46513320865200214
210,2.1021021021021022,2.2547346029470305
211,2.1121121121121122,1.2338622540574546
212,2.1221221221221223,-1.0329343383947953
213,2.1321321321321323,-0.5499122545654934
214,2.1421421421421423,0.4851629200808745
215,2.1521521521521523,0.8587885097092529
216,2.1621621621621623,-0.6104068843614062
217,2.1721721721721723,-0.30613871589114855
218,2.1821821821821823,0.08538377487580238
219,2.1921921921921923,0.2560481852642016
220,2.2022022022022023,-0.8520072546423421
221,2.2122122122122123,0.7211234038544152
222,2.2222222222222223,-1.219406328848104
223,2.2322322322322323,-0.3329869797300361
224,2.2422422422422423,-0.5061687897425863
225,2.2522522522522523,-0.722786062731245
226,2.2622622622622623,-0.9957395423705941
227,2.2722722722722724,-0.19053548550391347
228,2.2822822822822824,-1.2945992728136628
229,2.2922922922922924,2.1543357781177956
230,2.3023023023023024,0.09542576200120188
231,2.3123123123123124,-0.6084959202069812
232,2.3223223223223224,1.5882473950254168
233,2.3323323323323324,-0.08726305326216677
234,2.3423423423423424,-0.3778853074671053
235,2.3523523523523524,0.6164313672959593
236,2.3623623623623624,0.40299040069731934
237,2.3723723723723724,0.035438939951543375
238,2.3823823823823824,-0.35906758022156426
239,2.3923923923923924,-1.1301155027452945
240,2.4024024024024024,0.4919493581130756
241,2.4124124124124124,0.49477379659453713
242,2.4224224224224224,0.607973956078972
243,2.4324324324324325,-0.507563565502588
244,2.4424424424424425,-1.0161645861840916
245,2.4524524524524525,1.2351540158233367
246,2.4624624624624625,-0.6497415437342734
247,2.4724724724724725,-0.38384415966445234
248,2.4824824824824825,-0.8968478151321624
249,2.4924924924924925,0.39369204058714874
250,2.5025025025025025,0.1423334927493541
251,2.5125125125125125,0.2267660491765118
252,2.5225225225225225,-1.6274775438293059
253,2.5325325325325325,-0.9222333542281395
254,2.5425425425425425,1.246708895276076
255,2.5525525525525525,-1.7067823288980117
256,2.5625625625625625,0.2875559472974782
257,2.5725725725725725,0.0774087321594158
258,2.5825825825825826,0.9488198129109908
259,2.5925925925925926,-0.4762153087585454
260,2.6026026026026026,0.3916008775632425
261,2.6126126126126126,0.1616167820564829
262,2.6226226226226226,0.6489999402289806
263,2.6326326326326326,-0.1469302169428067
264,2.6426426426426426,-0.7356270581853808
265,2.6526526526526526,1.0496941377217786
266,2.6626626626626626,0.2826145837480907
267,2.6726726726726726,0.2627835005808105
268,2.6826826826826826,-0.39237796310654344
269,2.6926926926926926,0.5886233574188976
270,2.7027027027027026,-0.6362393970837825
271,2.7127127127127126,1.4425998707691767
272,2.7227227227227226,-0.3388127564600408
273,2.7327327327327327,1.4419452635636238
274,2.7427427427427427,-0.3910453323065601
275,2.7527527527527527,-0.5595108002721253
276,2.7627627627627627,-1.7407418707999482
277,2.7727727727727727,1.2313714078007647
278,2.7827827827827827,-1.7536395484667664
279,2.7927927927927927,0.8794195565888276
280,2.8028028028028027,0.3435739092076799
281,2.8128128128128127,0.863474876319281
282,2.8228228228228227,-0.2650285403593005
283,2.8328328328328327,0.9007713448883732
284,2.8428428428428427,0.2716105074111355
285,2.8528528528528527,0.0894996423450011
286,2.8628628628628627,-0.7095165012055912
287,2.8728728728728727,0.7115793868451591
288,2.8828828828828827,2.2220626273705553
289,2.8928928928928928,1.1708797770749577
290,2.9029029029029028,-0.019786224059802696
291,2.9129129129129128,-0.807607720205871
292,2.9229229229229228,-0.22653846901157917
293,2.932932932932933,0.2509809896971511
294,2.942942942942943,-0.21217010141847525
295,2.952952952952953,-0.788293211505064
296,2.962962962962963,0.5523553045199647
297,2.972972972972973,0.2920484412925972
298,2.982982982982983,0.6386854441724948
299,2.992992992992993,-0.8495773913615496
300,3.003003003003003,0.6599217686326442
301,3.013013013013013,1.1924976127635352
302,3.023023023023023,0.5376314200871689
303,3.033033033033033,1.3575068008337936
304,3.043043043043043,0.20210264856711432
305,3.053053053053053,0.08493769215989708
306,3.063063063063063,3.0792901767860776
307,3.073073073073073,-0.39124054724926827
308,3.083083083083083,0.4734635272066036
309,3.093093093093093,0.9831590638457837
310,3.103103103103103,0.39987942364728507
311,3.113113113113113,-0.32748985025471955
312,3.123123123123123,0.043813192881144825
313,3.133133133133133,1.5455062629287057
314,3.143143143143143,1.2302361299357736
315,3.153153153153153,0.6154130929879128
316,3.163163163163163,0.825914167330061
317,3.173173173173173,-0.7443819548976875
318,3.183183183183183,1.4439798837063722
319,3.193193193193193,-1.9429302909436537
320,3.203203203203203,0.18835526996437807
321,3.2132132132132134,-0.5397978452481641
322,3.2232232232232234,0.8910599441840278
323,3.2332332332332334,0.8501882791082147
324,3.2432432432432434,-0.44910206687848814
325,3.2532532532532534,-1.0843205161530567
326,3.2632632632632634,0.6949429742383414
327,3.2732732732732734,0.7370428562591681
328,3.2832832832832834,0.22809738433400673
329,3.2932932932932935,0.4926756845359586
330,3.3033033033033035,-1.785413143415168
331,3.3133133133133135,0.22465514140219267
332,3.3233233233233235,-1.2581104268155787
333,3.3333333333333335,0.2016071148996013
334,3.3433433433433435,-1.388646435622484
335,3.3533533533533535,-0.7678552694221833
336,3.3633633633633635,0.2648326573637534
337,3.3733733733733735,-0.0524001151772049
338,3.3833833833833835,0.26962930820768377
339,3.3933933933933935,0.8036399294001936
340,3.4034034034034035,-0.8842513234090066
341,3.4134134134134135,2.2101559988379713
342,3.4234234234234235,1.1324254262089748
343,3.4334334334334335,-0.07465376972616387
344,3.4434434434434436,-1.2416894392227733
345,3.4534534534534536,-0.6234775389756516
346,3.4634634634634636,0.40281307678142453
347,3.4734734734734736,-0.6646196559425609
348,3.4834834834834836,0.20294193537799968
349,3.4934934934934936,-0.35100425291220944
350,3.5035035035035036,0.9294576257353055
351,3.5135135135135136,-0.5792000511200949
352,3.5235235235235236,0.8354527753196799
353,3.5335335335335336,-0.23407919776543828
354,3.5435435435435436,-0.597735789298637
355,3.5535535535535536,-0.24091155928838914
356,3.5635635635635636,-0.9436829106951328
357,3.5735735735735736,2.102589745267664
358,3.5835835835835836,0.5311372741389463
359,3.5935935935935936,1.0045175536428455
360,3.6036036036036037,-1.120358406301447
361,3.6136136136136137,0.3258557759059091
362,3.6236236236236237,1.0595222190264186
363,3.6336336336336337,0.25166165377489275
364,3.6436436436436437,1.3576548093788967
365,3.6536536536536537,-0.0781308213302581
366,3.6636636636636637,-1.0667727868840748
367,3.6736736736736737,0.15977843333551217
368,3.6836836836836837,-0.7257008166877342
369,3.6936936936936937,1.3392124390014648
370,3.7037037037037037,-0.6665731058109766
371,3.7137137137137137,-0.898512673689116
372,3.7237237237237237,-1.302021204330347
373,3.7337337337337337,0.9648506367722024
374,3.7437437437437437,-0.3365427414719801
375,3.7537537537537538,0.7387688232331553
376,3.7637637637637638,1.1019930149777448
377,3.7737737737737738,-0.9617709940275305
378,3.7837837837837838,-0.5396095661052349
379,3.793793793793794,1.327379665142322
380,3.803803803803804,-1.6408348493907947
381,3.813813813813814,-0.2873934243132537
382,3.823823823823824,-0.616474109748425
383,3.833833833833834,0.23375521049495096
384,3.843843843843844,0.4485165574524199
385,3.853853853853854,-1.798168069308607
386,3.863863863863864,0.8161500522890334
387,3.873873873873874,2.925049529994831
388,3.883883883883884,-0.570197069202838
389,3.893893893893894,-0.21697939101112326
390,3.903903903903904,-0.3344112503057695
391,3.913913913913914,-0.7792182495300572
392,3.923923923923924,-1.2487269965502934
393,3.933933933933934,2.094033187141232
394,3.943943943943944,1.1574940541688272
395,3.953953953953954,0.7752897177626484
396,3.963963963963964,-1.6313187448770832
397,3.973973973973974,-0.588270750465956
398,3.983983983983984,2.000556381984991
399,3.993993993993994,0.03373041183620763
400,4.004004004004004,-1.4652750067390434
401,4.014014014014014,1.159033042105015
402,4.024024024024024,-0.08314659179189703
403,4.034034034034034,-1.4421695341651488
404,4.044044044044044,1.7207634526732576
405,4.054054054054054,-0.748586631098123
406,4.064064064064064,0.01279264469564357
407,4.074074074074074,0.42444005229152926
408,4.084084084084084,1.4958671935188133
409,4.094094094094094,-0.0031378408131123654
410,4.104104104104104,0.25520645654294977
411,4.114114114114114,0.8595642443034954
412,4.124124124124124,0.8088634623485574
413,4.134134134134134,-1.6490693260099172
414,4.1441441441441444,1.7393365406944015
415,4.1541541541541545,-0.43857678641334374
416,4.1641641641641645,1.250022729605717
417,4.1741741741741745,1.421554510219579
418,4.1841841841841845,0.6311679638337165
419,4.1941941941941945,0.17729833480609708
420,4.2042042042042045,0.23705766232618175
421,4.2142142142142145,-0.3363631428681163
422,4.2242242242242245,1.0328933707444081
423,4.2342342342342345,-1.0225363639992378
424,4.2442442442442445,-0.3304432030311789
425,4.2542542542542545,0.3260674097513863
426,4.2642642642642645,0.4604294915126666
427,4.2742742742742745,-0.8877361996150811
428,4.2842842842842845,-0.6927780848218688
429,4.2942942942942945,-1.745852341898518
430,4.3043043043043046,-1.5317919981149257
431,4.314314314314315,-0.4936519324703479
432,4.324324324324325,-0.7167952240620933
433,4.334334334334335,-0.031011275164550742
434,4.344344344344345,-2.3116482216298677
435,4.354354354354355,2.394643741211455
436,4.364364364364365,0.6451979779402142
437,4.374374374374375,0.2971112254319493
438,4.384384384384385,-0.3945436736160474
439,4.394394394394395,0.5605409379475127
440,4.404404404404405,-1.318342455383966
441,4.414414414414415,0.33052342641795873
442,4.424424424424425,-0.2760228017735667
443,4.434434434434435,-1.1462079777860308
444,4.444444444444445,0.6574770148614772
445,4.454454454454455,0.009383792984315515
446,4.464464464464465,0.03336901377782692
447,4.474474474474475,0.8543466825766647
448,4.484484484484485,0.5100499116852795
449,4.494494494494495,-1.168468811388151
450,4.504504504504505,-0.6454829753078557
451,4.514514514514515,0.9752727973782512
452,4.524524524524525,-1.0067500699528267
453,4.534534534534535,0.6580442889642086
454,4.544544544544545,1.3852662176888368
455,4.554554554554555,-0.5844261690697296
456,4.564564564564565,-1.6641256966015525
457,4.574574574574575,-0.1286249287563409
458,4.584584584584585,-1.5716010961466251
459,4.594594594594595,0.8584629282682663
460,4.604604604604605,-0.15614545577552125
461,4.614614614614615,-0.041937465542519994
462,4.624624624624625,0.2415874646844722
463,4.634634634634635,-0.017942722227265367
464,4.644644644644645,0.27578856249766065
465,4.654654654654655,0.552840271901569
466,4.664664664664665,1.2431242444816795
467,4.674674674674675,-0.6387210554417269
468,4.684684684684685,-0.6487334569939901
469,4.694694694694695,1.113160280755584
470,4.704704704704705,-0.0020504425808834945
471,4.714714714714715,0.1103598274170749
472,4.724724724724725,1.5007311714557778
473,4.734734734734735,-0.0733349694842303
474,4.744744744744745,0.6924544130040136
475,4.754754754754755,-0.1793855395652037
476,4.764764764764765,-1.242274621010316
477,4.774774774774775,0.278958257801096
478,4.784784784784785,-0.3737607659458124
479,4.794794794794795,-1.042260086676405
480,4.804804804804805,0.4714489022634574
481,4.814814814814815,1.20570046727626
482,4.824824824824825,0.7353422237761644
483,4.834834834834835,-1.4073410600219296
484,4.844844844844845,0.20704363806642412
485,4.854854854854855,0.1096987117691918
486,4.864864864864865,0.3562443763133271
487,4.874874874874875,0.9458767117776291
488,4.884884884884885,0.4517112922488058
489,4.894894894894895,-0.629903984257341
490,4.904904904904905,2.547601196258994
491,4.914914914914915,0.11919865032957307
492,4.924924924924925,2.173033171213822
493,4.934934934934935,-0.8842542447601668
494,4.944944944944945,0.6322647655799433
495,4.954954954954955,-1.3936939089478038
496,4.964964964964965,-0.14981079997825403
497,4.974974974974975,0.8333446547088605
498,4.984984984984985,-1.422060999152167
499,4.994994994994995,0.9392905053551279
500,5.005005005005005,1.6501075282952
501,5.015015015015015,0.33628689010557117
502,5.025025025025025,0.7347799056086048
503,5.035035035035035,-0.3925424440512614
504,5.045045045045045,-0.7012903854975517
505,5.055055055055055,-0.4357014594352805
506,5.065065065065065,-0.07312475995411767
507,5.075075075075075,1.6523226950265177
508,5.085085085085085,-1.9801894209879194
509,5.095095095095095,0.23916585353139067
510,5.105105105105105,0.21924304600020525
511,5.115115115115115,-0.6826510311841429
512,5.125125125125125,0.2833563253487505
513,5.135135135135135,-0.5885947171565292
514,5.145145145145145,-0.7838582453316192
515,5.155155155155155,0.06326294591539117
516,5.165165165165165,0.4871328278777877
517,5.175175175175175,-0.8276218646197225
518,5.185185185185185,-0.34397424397782905
519,5.195195195195195,0.8871421083548826
520,5.205205205205205,-0.4558706787827011
521,5.215215215215215,0.3665410357288622
522,5.225225225225225,0.6234420064046742
523,5.235235235235235,-0.20444703067826095
524,5.245245245245245,0.050388386603382664
525,5.255255255255255,-0.6426017694127879
526,5.265265265265265,2.2147097002528326
527,5.275275275275275,-0.8000360966262294
528,5.285285285285285,-0.3649434905778279
529,5.295295295295295,-0.7600258879918129
530,5.305305305305305,0.19772629357640079
531,5.315315315315315,-0.5880867227587222
532,5.325325325325325,-0.780156904802631
533,5.335335335335335,1.2889665284159841
534,5.345345345345345,-0.1813306070110032
535,5.355355355355355,0.023815514414907847
536,5.365365365365365,0.41832011810422176
537,5.375375375375375,-0.8389812337571034
538,5.385385385385385,-0.5802517561321296
539,5.395395395395395,2.0679761916553234
540,5.405405405405405,1.0324462553211864
541,5.415415415415415,1.3545873034592342
542,5.425425425425425,1.4685201315153829
543,5.435435435435435,-0.1715310054371034
544,5.445445445445445,-0.5252839022321059
545,5.455455455455455,-0.14607449433767614
546,5.465465465465465,-0.6830864587496175
547,5.475475475475475,0.5210667167134986
548,5.485485485485485,0.6095296862480726
549,5.495495495495495,1.1386889144389534
550,5.505505505505505,-1.05926589781953
551,5.515515515515515,0.14900463694610497
552,5.525525525525525,-1.5999633131075437
553,5.535535535535535,-0.09217354400227756
554,5.545545545545545,-0.34826178075757636
555,5.555555555555555,0.6669058301279839
556,5.565565565565565,-0.7503417884938399
557,5.575575575575575,-1.7023431857577023
558,5.585585585585585,2.5741479403580207
559,5.595595595595595,0.4930466682219635
560,5.605605605605605,-1.1070107273716523
561,5.615615615615615,0.8656341262346672
562,5.625625625625625,1.5320084360458304
563,5.635635635635635,0.11525586307509977
564,5.645645645645645,0.5215692567242279
565,5.655655655655655,-0.892568049206864
566,5.665665665665665,-0.6832515135263999
567,5.675675675675675,0.8376049210066995
568,5.685685685685685,1.2511574146099531
569,5.6956956956956954,1.9850372920214332
570,5.7057057057057055,-0.4226317664012042
571,5.7157157157157155,1.3579305478029209
572,5.7257257257257255,-0.1429002707974686
573,5.7357357357357355,0.16199124533298082
574,5.7457457457457455,-2.8319042516296626
575,5.7557557557557555,-0.1267780588832037
576,5.7657657657657655,0.4422294256575323
577,5.7757757757757755,-0.82789602433721
578,5.7857857857857855,1.806277706933455
579,5.7957957957957955,0.288927733630476
580,5.8058058058058055,1.5791469755709593
581,5.8158158158158155,-0.7152352811996784
582,5.8258258258258255,-0.9959706437956727
583,5.8358358358358355,-1.3043768622168546
584,5.8458458458458455,-0.14083150735442065
585,5.8558558558558556,0.5203307211811746
586,5.865865865865866,-0.3813441115212707
587,5.875875875875876,-1.0248338188966393
588,5.885885885885886,-0.43529916184218154
589,5.895895895895896,-0.2941930424971189
590,5.905905905905906,-0.19786965701994233
591,5.915915915915916,-0.6075029092995843
592,5.925925925925926,-2.576562442178979
593,5.935935935935936,1.0794589755803814
594,5.945945945945946,-0.101301440092349
595,5.955955955955956,-1.525948493300277
596,5.965965965965966,-0.8232794322106454
597,5.975975975975976,0.8717733248801574
598,5.985985985985986,0.7909668508918246
599,5.995995995995996,-1.4990586665564787
600,6.006006006006006,0.7353165761337792
601,6.016016016016016,0.8973805836734575
602,6.026026026026026,-0.048246744974656613
603,6.036036036036036,0.24029545354179396
604,6.046046046046046,1.7851344352553198
605,6.056056056056056,-0.14592699377884538
606,6.066066066066066,-2.592999562726166
607,6.076076076076076,-1.7446150867661736
608,6.086086086086086,0.6909503088865139
609,6.096096096096096,1.0019368330432763
610,6.106106106106106,0.6003909790487941
611,6.116116116116116,0.6564095146062296
612,6.126126126126126,-1.0017269638498365
613,6.136136136136136,0.5964980137305773
614,6.146146146146146,-0.14038207093936717
615,6.156156156156156,0.13966266523224796
616,6.166166166166166,-0.9799968131090636
617,6.176176176176176,-0.6498398464056429
618,6.186186186186186,-2.3254690845808956
619,6.196196196196196,-0.09294136097875653
620,6.206206206206206,1.35720697432754
621,6.216216216216216,-0.513537067916704
622,6.226226226226226,1.1552440818883898
623,6.236236236236236,1.7230374108015483
624,6.246246246246246,1.8942532627162438
625,6.256256256256256,-0.956098086998496
626,6.266266266266266,-0.8508762621788635
627,6.276276276276276,0.7726783033045992
628,6.286286286286286,-0.9249941411676992
629,6.296296296296296,-0.14171955874070308
630,6.306306306306306,-0.7444404021461597
631,6.316316316316316,-2.7052237495220512
632,6.326326326326326,0.15001473678572988
633,6.336336336336336,-1.1065318443789063
634,6.346346346346346,-0.21193117035076164
635,6.356356356356356,-0.9384770307077522
636,6.366366366366366,0.48365712211163825
637,6.376376376376376,0.44907736227709694
638,6.386386386386386,-0.20201684208987927
639,6.396396396396396,0.47499685446697565
640,6.406406406406406,0.358908345679863
641,6.416416416416417,0.44995053154005676
642,6.426426426426427,0.7118776228904478
643,6.436436436436437,-0.8479882560256916
644,6.446446446446447,-2.3173856963355246
645,6.456456456456457,0.5839226085019011
646,6.466466466466467,0.6641309194803333
647,6.476476476476477,1.5855592468143573
648,6.486486486486487,-1.0833682101636362
649,6.496496496496497,0.15591851356323944
650,6.506506506506507,2.2287830924790284
651,6.516516516516517,1.1422167510264538
652,6.526526526526527,1.1185239347293907
653,6.536536536536537,-2.163786964239378
654,6.546546546546547,-1.1303377992358787
655,6.556556556556557,0.025512553129145247
656,6.566566566566567,1.0174614936841035
657,6.576576576576577,0.9646109466388734
658,6.586586586586587,-0.6722787342512561
659,6.596596596596597,-2.3665526365043403
660,6.606606606606607,-0.3451440473405287
661,6.616616616616617,-1.0707240368641375
662,6.626626626626627,-1.2466468971294156
663,6.636636636636637,-0.9679741020855093
664,6.646646646646647,-1.4828596752896757
665,6.656656656656657,-0.32817844871360985
666,6.666666666666667,-3.946126070180832
667,6.676676676676677,1.5061763870027813
668,6.686686686686687,0.8510135829078747
669,6.696696696696697,0.4234808957490911
670,6.706706706706707,0.260813768753917
671,6.716716716716717,-0.35131920237089875
672,6.726726726726727,-0.4419371818306227
673,6.736736736736737,1.2712077724261652
674,6.746746746746747,1.5833836027243082
675,6.756756756756757,0.19925484134317806
676,6.766766766766767,1.6819338584532408
677,6.776776776776777,1.7714488293981938
678,6.786786786786787,-0.24807836438912872
679,6.796796796796797,0.586767850883216
680,6.806806806806807,-0.6497483589044216
681,6.816816816816817,1.0264677366119486
682,6.826826826826827,1.8838236830341213
683,6.836836836836837,0.2001724217979714
684,6.846846846846847,-0.721311551862659
685,6.856856856856857,-0.9102270667757247
686,6.866866866866867,0.10956095277305238
687,6.876876876876877,-0.4354750343703258
688,6.886886886886887,1.1954373263948053
689,6.896896896896897,-1.6590316401625629
690,6.906906906906907,-0.1051850658946145
691,6.916916916916917,-0.10819415054560404
692,6.926926926926927,1.7381939159050932
693,6.936936936936937,-1.4169630590539564
694,6.946946946946947,-0.046722621815928074
695,6.956956956956957,0.22216461370969956
696,6.966966966966967,-0.07971833131783937
697,6.976976976976977,-0.5398902511351092
698,6.986986986986987,0.39924789068583255
699,6.996996996996997,0.2729877966474905
700,7.007007007007007,1.20675956518686
701,7.017017017017017,0.24987892734080852
702,7.027027027027027,0.7636506978035615
703,7.037037037037037,0.32894833487179465
704,7.047047047047047,-0.927585214406769
705,7.057057057057057,1.449865121339536
706,7.067067067067067,1.05173272953015
707,7.077077077077077,-2.568782322040279
708,7.087087087087087,1.0015086608583241
709,7.097097097097097,0.44164381740847125
710,7.107107107107107,-0.16983246905587868
711,7.117117117117117,-0.3748353233187031
712,7.127127127127127,-2.4809732706444247
713,7.137137137137137,-0.09050820714181634
714,7.147147147147147,-0.7868945908499105
715,7.157157157157157,0.17908900057107144
716,7.167167167167167,-1.3757867250277345
717,7.177177177177177,-1.3596606513973746
718,7.187187187187187,-0.03255243483093151
719,7.197197197197197,1.2265301840697973
720,7.207207207207207,-0.5928858489356065
721,7.217217217217217,0.5590293985850754
722,7.227227227227227,-3.453553299547448
723,7.237237237237237,-0.5600219732560929
724,7.247247247247247,-0.6766489396634915
725,7.257257257257257,-1.213812169674971
726,7.267267267267267,-0.779031833772596
727,7.277277277277277,0.7549593597036449
728,7.287287287287287,-0.11682929617112359
729,7.297297297297297,0.8959891379292831
730,7.307307307307307,-1.1984279592723235
731,7.317317317317317,0.834806637390044
732,7.327327327327327,0.8560374954825918
733,7.337337337337337,-0.013985303267308846
734,7.347347347347347,2.4554257613930854
735,7.357357357357357,0.8974200214852756
736,7.367367367367367,-0.040199434309842255
737,7.377377377377377,2.4657448363391987
738,7.387387387387387,-0.4062326236676498
739,7.397397397397397,-1.592702949222654
740,7.407407407407407,1.1891908376197187
741,7.4174174174174174,0.1632162968510081
742,7.4274274274274275,1.8214092009990972
743,7.4374374374374375,0.9818119091988058
744,7.4474474474474475,-0.6058226154169533
745,7.4574574574574575,1.5632143811984507
746,7.4674674674674675,-2.0312421779810506
747,7.4774774774774775,-0.9010628266743618
748,7.4874874874874875,0.58169258661198
749,7.4974974974974975,0.9285387100071895
750,7.5075075075075075,-0.36197173895347917
751,7.5175175175175175,0.1990467449180033
752,7.5275275275275275,-0.06132735033085543
753,7.5375375375375375,1.1040359184784319
754,7.5475475475475475,-0.6122569309983782
755,7.5575575575575575,0.05259706415685147
756,7.5675675675675675,0.8305367878192438
757,7.5775775775775776,0.02727861459260381
758,7.587587587587588,-2.24479443779038
759,7.597597597597598,3.056923920296114
760,7.607607607607608,-0.3171484354504298
761,7.617617617617618,-1.004092230968372
762,7.627627627627628,0.630235851368014
763,7.637637637637638,-0.28560004591299043
764,7.647647647647648,0.48132328277055875
765,7.657657657657658,0.23538571836774158
766,7.667667667667668,0.3363641444324848
767,7.677677677677678,0.561047238879596
768,7.687687687687688,-0.12475385377735676
769,7.697697697697698,0.17647946103808737
770,7.707707707707708,0.41549764853991966
771,7.717717717717718,-0.5548721677125924
772,7.727727727727728,-0.1647187023701125
773,7.737737737737738,1.7219006013741394
774,7.747747747747748,1.2575645345207824
775,7.757757757757758,0.9183121325781332
776,7.767767767767768,-2.9161191951481404
777,7.777777777777778,0.111567783307194
778,7.787787787787788,-0.6062279652987586
779,7.797797797797798,-0.6937457085706696
780,7.807807807807808,1.065701582388422
781,7.817817817817818,0.46773605160129283
782,7.827827827827828,0.714444109405191
783,7.837837837837838,-0.4484130313246451
784,7.847847847847848,0.3436808927062254
785,7.857857857857858,1.056443954930172
786,7.867867867867868,-0.26904262094307224
787,7.877877877877878,-0.7108583550516129
788,7.887887887887888,0.20577646082292772
789,7.897897897897898,-0.960728978976795
790,7.907907907907908,-0.6803279135721763
791,7.917917917917918,0.8103907662861695
792,7.927927927927928,0.09680389763283309
793,7.937937937937938,-0.8944837946113738
794,7.947947947947948,0.07364463017459069
795,7.957957957957958,-0.2882832008351044
796,7.967967967967968,1.7590369648768494
797,7.977977977977978,-1.4236076939575766
798,7.987987987987988,0.38882932260484676
799,7.997997997997998,-1.3265552399351144
800,8.008008008008009,-1.132974454846661
801,8.018018018018019,0.100349817035615
802,8.028028028028029,-0.7899773703123801
803,8.038038038038039,-0.2031728514467452
804,8.048048048048049,0.07546300758454516
805,8.058058058058059,1.4165635896041533
806,8.068068068068069,1.4013528424956174
807,8.078078078078079,0.17537874752976557
808,8.088088088088089,-0.1013281991302081
809,8.098098098098099,1.5557564376338993
810,8.108108108108109,-1.2795909547827216
811,8.118118118118119,3.0812166219911177
812,8.128128128128129,-0.1329467670422937
813,8.138138138138139,0.5207578784149615
814,8.148148148148149,-0.11947008012446404
815,8.158158158158159,0.259101571715498
816,8.168168168168169,0.24029651358895834
817,8.178178178178179,-0.7288491843821567
818,8.188188188188189,1.192166058260426
819,8.198198198198199,-0.07481567432630137
820,8.208208208208209,0.1254040706185919
821,8.218218218218219,-0.6222123998676342
822,8.228228228228229,-1.4858255306218555
823,8.238238238238239,0.46732561960591945
824,8.248248248248249,-0.4195943782048507
825,8.258258258258259,0.4994151532383388
826,8.268268268268269,0.5400734854087371
827,8.278278278278279,0.15288040460897293
828,8.288288288288289,-1.2653102076140235
829,8.298298298298299,-1.5014381548368212
830,8.308308308308309,-0.6940816955084665
831,8.318318318318319,1.3606253675730837
832,8.328328328328329,-2.1172916380794393
833,8.338338338338339,0.6701712351579006
834,8.348348348348349,0.991595426351874
835,8.358358358358359,0.15664555330013563
836,8.368368368368369,-0.2578876527151525
837,8.378378378378379,-1.3994739463256796
838,8.388388388388389,-0.7109559577737026
839,8.398398398398399,1.957031907953344
840,8.408408408408409,0.6294747707010948
841,8.418418418418419,0.6629261265095757
842,8.428428428428429,1.133937098438762
843,8.438438438438439,0.2965976782101612
844,8.448448448448449,1.1396231453786825
845,8.458458458458459,0.45272915647392903
846,8.468468468468469,0.8087437439384177
847,8.478478478478479,-0.06287224569210971
848,8.488488488488489,0.9745210154343633
849,8.498498498498499,0.05096754545608039
850,8.508508508508509,0.7528965395785089
851,8.518518518518519,0.9678595265912806
852,8.528528528528529,0.2677907364922765
853,8.538538538538539,2.2933264833100293
854,8.548548548548549,-1.6009349024390067
855,8.558558558558559,-0.05145622146588231
856,8.568568568568569,-1.1306570858517047
857,8.578578578578579,1.770544954732669
858,8.588588588588589,-0.43494389855113424
859,8.598598598598599,-1.2702185396741454
860,8.608608608608609,0.04045394305143642
861,8.618618618618619,-1.16437999993372
862,8.62862862862863,-0.08522555795204034
863,8.63863863863864,2.808252789485585
864,8.64864864864865,-1.3997059716798317
865,8.65865865865866,-0.021018290315517465
866,8.66866866866867,0.08610378482192402
867,8.67867867867868,-0.31096241097885374
868,8.68868868868869,-0.8016078015038062
869,8.6986986986987,0.11045676167971058
870,8.70870870870871,-0.03713657640370014
871,8.71871871871872,-0.16401196135142865
872,8.72872872872873,-0.003856961096097949
873,8.73873873873874,1.0838825739750562
874,8.74874874874875,0.5046043635543276
875,8.75875875875876,1.521351952191639
876,8.76876876876877,0.03910295396467884
877,8.77877877877878,1.1218523984641378
878,8.78878878878879,0.16323721548263956
879,8.7987987987988,-1.0229533058720701
880,8.80880880880881,0.2069553352851174
881,8.81881881881882,0.17847971989906972
882,8.82882882882883,0.492047882594469
883,8.83883883883884,1.2383095370869799
884,8.84884884884885,-0.4535248153740677
885,8.85885885885886,-1.8791382033654926
886,8.86886886886887,0.11123157403517417
887,8.87887887887888,-0.683300215370365
888,8.88888888888889,0.6241467452817707
889,8.8988988988989,-0.6855294227677207
890,8.90890890890891,1.757873540905262
891,8.91891891891892,1.6191795491725107
892,8.92892892892893,-1.4182023981537062
893,8.93893893893894,-0.09079616400517182
894,8.94894894894895,-1.8218733359477108
895,8.95895895895896,1.259117850927411
896,8.96896896896897,1.2279423708955797
897,8.97897897897898,1.0994055916999208
898,8.98898898898899,-0.47072557144818994
899,8.998998998999,-1.6311151048557557
900,9.00900900900901,1.4803082376090926
901,9.01901901901902,0.5706666855951953
902,9.02902902902903,0.23146193399815326
903,9.03903903903904,-0.9780848060664435
904,9.04904904904905,1.1372957115730524
905,9.05905905905906,0.743577011801583
906,9.06906906906907,0.37568269579970676
907,9.07907907907908,0.405178238251695
908,9.08908908908909,0.31977110752266036
909,9.0990990990991,0.9110189510533248
910,9.10910910910911,-0.5754991068216602
911,9.11911911911912,1.191155968854892
912,9.12912912912913,-1.6554713813444304
913,9.13913913913914,0.5762264552128122
914,9.14914914914915,1.5883290920035071
915,9.15915915915916,-0.05178379831051481
916,9.16916916916917,0.6947440890543575
917,9.17917917917918,0.1550689092936712
918,9.18918918918919,-0.8610781879732616
919,9.1991991991992,-0.6720235994507524
920,9.20920920920921,0.33854782374465486
921,9.21921921921922,1.4766371026521974
922,9.22922922922923,0.06234922061063583
923,9.23923923923924,-0.693848000097683
924,9.24924924924925,1.8099370027031403
925,9.25925925925926,1.487167597321791
926,9.26926926926927,-1.007433671449319
927,9.27927927927928,0.5344182166980443
928,9.28928928928929,0.09203622053460751
929,9.2992992992993,0.0026521709696634404
930,9.30930930930931,-0.37709777716350545
931,9.31931931931932,-1.1794796116175457
932,9.32932932932933,-0.4563490372345514
933,9.33933933933934,-1.5395915217684848
934,9.34934934934935,0.35166789656003317
935,9.35935935935936,0.35235015864591335
936,9.36936936936937,-0.45549630867827984
937,9.37937937937938,-0.2806614094057109
938,9.38938938938939,0.1273035070885139
939,9.3993993993994,1.042204228440742
940,9.40940940940941,0.9915673548635208
941,9.41941941941942,0.43753285178605866
942,9.42942942942943,-0.23729292260956272
943,9.43943943943944,0.7510613722922267
944,9.44944944944945,1.024714122654127
945,9.45945945945946,-0.42298847269957096
946,9.46946946946947,0.8516599704060871
947,9.47947947947948,0.4931304945033327
948,9.48948948948949,1.4953433011732473
949,9.4994994994995,-0.1151610852668398
950,9.50950950950951,-0.9164705988673139
951,9.51951951951952,-0.24667902434882516
952,9.52952952952953,-0.031171525139123746
953,9.53953953953954,0.7423321367783468
954,9.54954954954955,-0.8611913497578108
955,9.55955955955956,0.1775956701779208
956,9.56956956956957,0.7973525367624313
957,9.57957957957958,0.052129692368238625
958,9.58958958958959,1.1128540168237921
959,9.5995995995996,0.3981956113997637
960,9.60960960960961,0.3917997990039366
961,9.61961961961962,0.9829578354312167
962,9.62962962962963,-0.7985702600962195
963,9.63963963963964,0.5872990314681912
964,9.64964964964965,0.4689463312830394
965,9.65965965965966,-1.2627177782594725
966,9.66966966966967,-0.534964898693219
967,9.67967967967968,0.649075121795138
968,9.68968968968969,-0.4357315695915676
969,9.6996996996997,-0.7088192775334117
970,9.70970970970971,-1.1559603970405716
971,9.71971971971972,-0.8945790783060904
972,9.72972972972973,-0.028325861121649892
973,9.73973973973974,-0.765400332997351
974,9.74974974974975,-0.5208576808065631
975,9.75975975975976,-2.26228266750018
976,9.76976976976977,1.2628599786061478
977,9.77977977977978,0.5249497059085372
978,9.78978978978979,-0.30872030894260494
979,9.7997997997998,-0.2823746836569474
980,9.80980980980981,-0.5609598790136638
981,9.81981981981982,-1.329567372913683
982,9.82982982982983,1.0371918792983799
983,9.83983983983984,0.6413373032461457
984,9.84984984984985,0.5989098235895891
985,9.85985985985986,0.014858215432097872
986,9.86986986986987,0.02950139046589628
987,9.87987987987988,0.6249802396834235
988,9.88988988988989,-0.20988437341482938
989,9.8998998998999,-0.10791785010294878
990,9.90990990990991,0.5002491087753382
991,9.91991991991992,-1.2503772709749492
992,9.92992992992993,0.23378665671717075
993,9.93993993993994,-1.5125685668563855
994,9.94994994994995,-0.5376754729117639
995,9.95995995995996,1.5019453486618972
996,9.96996996996997,-0.4152092070592192
997,9.97997997997998,1.5294342062890047
998,9.98998998998999,-0.8812530565827609
999,10.0,1.2489073686470051
